id,kind,severity,reason,age_minutes,breaking_count,ticker_items,duration_ms,db_error,path,detail,created_at
e9e5af87-2794-43e0-9857-36539149aca8,health,critical,,28887,1,8,49,,,,2026-08-02 11:54:53.051816+00
1bb13ad4-ae85-4270-912c-03e6a83c45a9,client_alert,critical,content_critical,28887,,8,,,/,"{""animated"": true}",2026-08-02 11:54:57.887735+00
bdb384ef-7cb5-4cf0-a569-1966afb362b4,client_alert,critical,content_critical,28887,,8,,,/,"{""animated"": true}",2026-08-02 11:55:09.877194+00
9bbf429e-f415-4bbc-ba65-6dbc712edb83,client_alert,critical,content_critical,28888,,8,,,/,"{""animated"": true}",2026-08-02 11:55:36.246133+00
21a61287-10dc-4b31-b30d-8b04cb7ef5d4,client_alert,critical,content_critical,28889,,8,,,/,"{""animated"": true}",2026-08-02 11:57:07.313663+00
c064ae5c-1efa-46de-9cce-977621c41e4f,client_alert,critical,content_critical,28890,,8,,,/,"{""animated"": true}",2026-08-02 11:57:50.199868+00
9e228334-ce09-4b79-a1bb-fba22f072df3,client_alert,critical,content_critical,28893,,8,,,/,"{""animated"": true}",2026-08-02 12:00:18.999348+00
f0b90001-64ff-410e-a8f6-dd6a4dcb0ca7,client_alert,critical,content_critical,28893,,8,,,/,"{""animated"": true}",2026-08-02 12:00:56.657332+00
75467a22-fadb-410c-ae8c-3a843a225ea5,client_alert,critical,content_critical,28894,,8,,,/,"{""animated"": true}",2026-08-02 12:02:08.554043+00
78e045dd-bba4-407b-9e9e-9701ff762806,client_alert,critical,content_critical,28896,,8,,,/,"{""animated"": true}",2026-08-02 12:04:02.894778+00
171c83a0-79da-46eb-9dac-fb4decda5d71,client_alert,critical,content_critical,28897,,8,,,/,"{""animated"": true}",2026-08-02 12:04:40.891109+00
5ac7c1cf-fbb7-42f2-b4fd-5a4b0f37ca2c,client_alert,critical,content_critical,28898,,8,,,/,"{""animated"": true}",2026-08-02 12:05:24.386171+00
3cf123f6-0037-426a-b06b-0ae65f7e6414,client_alert,critical,content_critical,28899,,8,,,/,"{""animated"": true}",2026-08-02 12:07:12.142754+00
7d1a550f-b88c-4248-8dac-ec386977920d,client_alert,critical,content_critical,28901,,8,,,/,"{""animated"": true}",2026-08-02 12:08:20.515597+00
a052f476-9b14-4ad0-a50a-a1a98485bd01,client_alert,critical,content_critical,28901,,8,,,/,"{""animated"": true}",2026-08-02 12:09:05.962453+00
54060e90-e8ad-4eb9-a414-c95cd83cfcad,client_alert,critical,content_critical,28901,,8,,,/,"{""animated"": true}",2026-08-02 12:09:11.075964+00
3e4178b7-4a22-4352-a603-ee70db81eff5,client_alert,critical,content_critical,28909,,8,,,/,"{""animated"": true}",2026-08-02 12:16:32.891196+00
bf3eceb6-27e7-4104-8ec5-ab804eee3689,client_alert,critical,content_critical,28909,,8,,,/,"{""animated"": true}",2026-08-02 12:16:36.970114+00
4fe17bb1-8a47-4727-af02-8c709115cf9f,client_alert,critical,content_critical,28910,,8,,,/,"{""animated"": true}",2026-08-02 12:17:17.16742+00
615b4f8f-9b32-46c2-bb23-5d9916c9e9d2,client_alert,critical,content_critical,28911,,8,,,/,"{""animated"": true}",2026-08-02 12:18:34.071244+00
5ec03a13-369b-46c2-9cb3-ac66db8bfe14,client_alert,critical,content_critical,28911,,8,,,/,"{""animated"": true}",2026-08-02 12:18:47.595746+00
748f4c58-7d6a-4731-a94f-cbc54cea20e1,client_alert,critical,content_critical,28912,,8,,,/,"{""animated"": true}",2026-08-02 12:19:22.325135+00
650ff749-56b5-444c-b61f-93609b6febe6,client_alert,critical,content_critical,28912,,8,,,/,"{""animated"": true}",2026-08-02 12:19:42.968959+00
6a58a320-580b-4af2-9f72-c8b34e4ab771,client_alert,critical,content_critical,28918,,8,,,/,"{""animated"": true}",2026-08-02 12:25:29.227477+00
08683362-fcc8-47c8-a23a-fecc3d00065b,client_alert,critical,content_critical,28919,,8,,,/,"{""animated"": true}",2026-08-02 12:26:14.483434+00
4f8fcdeb-bbbd-4c8c-982a-7aa9f0481892,client_alert,critical,content_critical,28919,,8,,,/,"{""animated"": true}",2026-08-02 12:26:44.215762+00
dcba114a-b8be-47a7-b06b-cfb5ed5d8a8c,client_alert,critical,content_critical,28920,,8,,,/,"{""animated"": true}",2026-08-02 12:27:23.318152+00
44fedb6e-0969-4068-a842-b675702875c8,client_alert,critical,content_critical,28920,,8,,,/,"{""animated"": true}",2026-08-02 12:28:10.148131+00
21d0ef1d-ee99-430f-853c-6adf34c82f4b,client_alert,critical,content_critical,28924,,8,,,/,"{""animated"": true}",2026-08-02 12:31:37.618151+00
0ada9424-3be7-427c-8a0c-3d97beed10b2,client_alert,critical,content_critical,28924,,8,,,/,"{""animated"": true}",2026-08-02 12:32:09.905296+00
39702c1e-fef5-4d49-a130-cb76770ef3f5,client_alert,critical,content_critical,28925,,8,,,/,"{""animated"": true}",2026-08-02 12:32:29.063104+00
5f0ceba8-f3e8-4c2f-a5a1-a4b66ffaa191,client_alert,critical,content_critical,28925,,8,,,/,"{""animated"": true}",2026-08-02 12:32:44.885255+00
fd4775b2-40ae-4306-afc2-2a15e7098d7f,client_alert,critical,content_critical,28925,,8,,,/,"{""animated"": true}",2026-08-02 12:33:07.339102+00
c4484e57-032c-4e55-bdfa-82c220cd5322,client_alert,critical,content_critical,28926,,8,,,/,"{""animated"": true}",2026-08-02 12:33:19.756697+00
72968856-1d55-48d4-b98c-930655e9e0de,client_alert,critical,content_critical,28926,,8,,,/,"{""animated"": true}",2026-08-02 12:33:36.850643+00
2ca0417e-1041-4b2f-a1d0-76a5e54600aa,client_alert,critical,content_critical,28718,,8,,,/,"{""animated"": true}",2026-08-02 12:33:38.765395+00
9f9961c1-85df-4074-8b23-ad8f86413242,client_alert,critical,content_critical,28718,,8,,,/,"{""animated"": true}",2026-08-02 12:33:42.031427+00
7ae92dcc-9bb8-48c9-8e85-d453d6462ae0,client_alert,critical,content_critical,28926,,8,,,/,"{""animated"": true}",2026-08-02 12:33:54.235109+00
8f97c62f-dcd5-441e-bac7-bfe0118f2b86,client_alert,critical,content_critical,28718,,8,,,/,"{""animated"": true}",2026-08-02 12:34:00.294425+00
dad1a1ea-cb42-4566-bd5e-d6ee429f02df,client_alert,critical,content_critical,28926,,8,,,/,"{""animated"": true}",2026-08-02 12:34:04.919751+00
3e501353-90c8-4b3d-8f77-72a23c23b41b,client_alert,critical,content_critical,28927,,8,,,/,"{""animated"": true}",2026-08-02 12:34:47.47543+00
0487e8eb-7932-4b33-a950-96fece8088a0,client_alert,critical,content_critical,28722,,8,,,/,"{""animated"": true}",2026-08-02 12:38:29.587967+00
910b2322-0d80-4a1c-b892-25ea01969706,client_alert,critical,content_critical,28931,,8,,,/,"{""animated"": true}",2026-08-02 12:38:47.521713+00
aa6bf123-c843-4550-84d0-7a94c79e0a69,client_alert,critical,content_critical,28932,,8,,,/,"{""animated"": true}",2026-08-02 12:39:23.911516+00
29e2eb89-3e7c-40a8-adc7-3975d34405fb,client_alert,critical,content_critical,28723,,8,,,/,"{""animated"": true}",2026-08-02 12:39:24.025488+00
a47d6b77-ba4d-4760-9947-e45e6113e05c,client_alert,critical,content_critical,28933,,8,,,/,"{""animated"": true}",2026-08-02 12:41:04.578755+00
c1d50bac-c952-4fc6-8676-d05f94916bb9,client_alert,critical,content_critical,28727,,8,,,/,"{""animated"": true}",2026-08-02 12:42:54.968385+00
2c727e92-eb39-45d6-81f2-e79a011a0c98,client_alert,critical,content_critical,28935,,8,,,/,"{""animated"": true}",2026-08-02 12:43:01.391016+00
dfa7d7c2-d667-4d1f-b4aa-031eba81fed0,client_alert,critical,content_critical,28935,,8,,,/,"{""animated"": true}",2026-08-02 12:43:04.63251+00
66c6b3ac-f672-4ada-b623-8a56602c6ca4,client_alert,critical,content_critical,28727,,8,,,/,"{""animated"": true}",2026-08-02 12:43:10.247923+00
9f3637fb-5ce2-4cf5-b844-a6c42967505d,client_alert,critical,content_critical,28935,,8,,,/,"{""animated"": true}",2026-08-02 12:43:10.516816+00
4cadaa90-5293-4c0d-9510-252d6202e179,client_alert,critical,content_critical,28937,,8,,,/,"{""animated"": true}",2026-08-02 12:45:00.199902+00
dd7efd7a-7630-41b3-aa8a-7469b38fb925,client_alert,critical,content_critical,28939,,8,,,/,"{""animated"": true}",2026-08-02 12:46:55.777602+00
9e7932b3-35d6-40f5-9eda-a0ff01cdcda4,client_alert,critical,content_critical,28732,,8,,,/,"{""animated"": true}",2026-08-02 12:47:41.059789+00
241c0132-879a-44e6-88d1-741f80fee53d,client_alert,critical,content_critical,28940,,8,,,/,"{""animated"": true}",2026-08-02 12:47:54.782834+00
c0191e1c-7075-414f-95cb-80b3235ab4e9,client_alert,critical,content_critical,28732,,8,,,/,"{""animated"": true}",2026-08-02 12:48:02.096133+00
982cd163-e8a2-475d-9d87-b596491101cd,client_alert,critical,content_critical,28732,,8,,,/,"{""animated"": true}",2026-08-02 12:48:09.095879+00
65222a61-b268-450d-93fc-42bfada71ce0,client_alert,critical,content_critical,28734,,8,,,/,"{""animated"": true}",2026-08-02 12:50:23.939198+00
721a06a1-6176-48e0-acf0-27aff9f80e38,client_alert,critical,content_critical,28943,,8,,,/,"{""animated"": true}",2026-08-02 12:50:34.404485+00
2e3d44af-72ba-44bd-8473-5b59345fa44b,client_alert,critical,content_critical,28735,,8,,,/,"{""animated"": true}",2026-08-02 12:50:58.098544+00
d3b60af0-7f82-4b4d-b71f-78629f00e6e0,client_alert,critical,content_critical,28943,,8,,,/,"{""animated"": true}",2026-08-02 12:50:59.496748+00
f63ed16f-a599-41e1-9fb8-ad5c314dd3bc,client_alert,critical,content_critical,28736,,8,,,/,"{""animated"": true}",2026-08-02 12:51:55.3106+00
47db2459-f19f-4911-8268-126a2c312f75,client_alert,critical,content_critical,28945,,8,,,/,"{""animated"": true}",2026-08-02 12:52:15.481485+00
390f0f84-e278-4d39-bd22-8ee554f78ada,client_alert,critical,content_critical,28950,,8,,,/,"{""animated"": true}",2026-08-02 12:58:09.245489+00
1c7f341a-e890-4e8e-9056-06155dceac80,client_alert,critical,content_critical,28951,,8,,,/,"{""animated"": true}",2026-08-02 12:58:28.574073+00
1f8bed39-ceae-48f7-95ce-882208b03260,client_alert,critical,content_critical,28951,,8,,,/,"{""animated"": true}",2026-08-02 12:59:09.021729+00
8cf62f33-ff14-4de2-9de8-fa395f0704f2,client_alert,critical,content_critical,28956,,8,,,/,"{""animated"": true}",2026-08-02 13:04:12.988943+00
8a6d445b-b434-4a62-b4be-3a5560ce515d,client_alert,critical,content_critical,28749,,8,,,/,"{""animated"": true}",2026-08-02 13:04:51.095509+00
91eb1571-f412-4060-834e-141e1c058b83,client_alert,critical,content_critical,28957,,8,,,/,"{""animated"": true}",2026-08-02 13:05:11.652882+00
593ad305-09c1-43cf-ac95-517c832022d7,client_alert,critical,content_critical,28958,,8,,,/,"{""animated"": true}",2026-08-02 13:05:27.878486+00
c80d0654-c218-462a-9239-3c2faae52e39,client_alert,critical,content_critical,28750,,8,,,/,"{""animated"": true}",2026-08-02 13:06:27.780627+00
e5fe4ce7-13bb-4112-ac07-7c5a9a365bac,client_alert,critical,content_critical,28959,,8,,,/,"{""animated"": true}",2026-08-02 13:06:45.72984+00
730a2d62-1075-4436-8392-2093a328d5a0,client_alert,critical,content_critical,28753,,8,,,/,"{""animated"": true}",2026-08-02 13:09:01.845271+00
f8e9dcae-ed69-45ac-a493-002beff8ca3f,client_alert,critical,content_critical,28753,,8,,,/,"{""animated"": true}",2026-08-02 13:09:18.483362+00
53cd2a1d-a3b4-4491-8d8f-277c8e815951,client_alert,critical,content_critical,28962,,8,,,/,"{""animated"": true}",2026-08-02 13:09:26.575476+00
8ead9714-705b-4a1f-97a2-6c1e71023b29,client_alert,critical,content_critical,28962,,8,,,/,"{""animated"": true}",2026-08-02 13:09:45.97565+00
089c4756-d1e8-4e36-8cb8-a4e82372de4b,client_alert,critical,content_critical,28754,,8,,,/,"{""animated"": true}",2026-08-02 13:10:14.557653+00
f7f6851e-973c-4b1a-91da-50ac70630a51,client_alert,critical,content_critical,28963,,8,,,/,"{""animated"": true}",2026-08-02 13:10:46.003671+00
aa33a044-dd8a-4444-869c-1fb39fb59790,client_alert,critical,content_critical,28761,,8,,,/,"{""animated"": true}",2026-08-02 13:16:48.76653+00
e622381e-c221-47e4-8834-9adb12bee1af,client_alert,critical,content_critical,28761,,8,,,/,"{""animated"": true}",2026-08-02 13:16:52.216257+00
26bf36b8-ce0c-4f2e-bd2b-d13797060821,client_alert,critical,content_critical,28764,,8,,,/,"{""animated"": true}",2026-08-02 13:20:16.799404+00
b40f2d09-687f-47eb-bda1-316b06e5bd6d,client_alert,critical,content_critical,28764,,8,,,/,"{""animated"": true}",2026-08-02 13:20:16.865351+00
673297d6-93f4-4741-8e29-7a19af2b2fae,client_alert,critical,content_critical,28973,,8,,,/,"{""animated"": true}",2026-08-02 13:20:17.456228+00
2eb3dd12-4d2b-46ea-ba19-6223a7f193b4,client_alert,critical,content_critical,28973,,8,,,/,"{""animated"": true}",2026-08-02 13:20:24.165295+00
e8acaa08-73aa-465e-bf15-b45e58954bd0,client_alert,critical,content_critical,28764,,8,,,/,"{""animated"": true}",2026-08-02 13:20:29.535116+00
acf157d9-0410-4ea8-b788-37465121c62a,client_alert,critical,content_critical,28764,,8,,,/,"{""animated"": true}",2026-08-02 13:20:29.835565+00
9b3fc5d5-d811-471a-aa94-533722d3b70e,client_alert,critical,content_critical,28973,,8,,,/,"{""animated"": true}",2026-08-02 13:20:30.290485+00
ceca20aa-d14d-4aa9-a96c-0f150e59a48c,client_alert,critical,content_critical,28973,,8,,,/,"{""animated"": true}",2026-08-02 13:21:08.565428+00
d8fd9040-30a4-4149-a7d4-08987a53738a,client_alert,critical,content_critical,28974,,8,,,/,"{""animated"": true}",2026-08-02 13:21:45.121373+00
a146c5c6-c656-49fb-8eb7-58fb529910c0,client_alert,critical,content_critical,28766,,8,,,/,"{""animated"": true}",2026-08-02 13:22:10.975335+00
7130cafb-a2e9-4c76-b8e3-f0ec4044905a,client_alert,critical,content_critical,28975,,8,,,/,"{""animated"": true}",2026-08-02 13:22:47.775797+00
d09943e4-0558-43ae-9252-c828e9a3ef33,client_alert,critical,content_critical,28978,,8,,,/,"{""animated"": true}",2026-08-02 13:25:16.022992+00
ef17c654-df62-4f81-b6cc-f0b3942d84c5,client_alert,critical,content_critical,28978,,8,,,/,"{""animated"": true}",2026-08-02 13:25:53.015945+00
616bf9d1-61e2-4ee3-83d1-209d425e88d3,client_alert,critical,content_critical,28979,,8,,,/,"{""animated"": true}",2026-08-02 13:26:32.236604+00
aa652706-1d5f-4fab-b7d1-3c7114320769,client_alert,critical,content_critical,28979,,8,,,/,"{""animated"": true}",2026-08-02 13:26:58.926529+00
d81039c9-78d5-4b6e-860f-98826a238bb7,client_alert,critical,content_critical,28980,,8,,,/,"{""animated"": true}",2026-08-02 13:27:38.206459+00
e0e2a47b-6bfb-48bc-bf3b-f0b10dd9ba87,client_alert,critical,content_critical,28773,,8,,,/,"{""animated"": true}",2026-08-02 13:28:48.863912+00
105e3a48-cc71-4cb6-a276-ae68e06e5399,client_alert,critical,content_critical,28982,,8,,,/,"{""animated"": true}",2026-08-02 13:29:27.617522+00
91822470-77df-4dd9-baba-0fbf6547d08d,client_alert,critical,content_critical,28982,,8,,,/,"{""animated"": true}",2026-08-02 13:29:30.378446+00
cf143f73-864f-4ec1-96b6-7d9403776c85,client_alert,critical,content_critical,28773,,8,,,/,"{""animated"": true}",2026-08-02 13:29:31.659487+00
97edcb24-72d5-41c2-b16c-c1aea88bb795,client_alert,critical,content_critical,28983,,8,,,/,"{""animated"": true}",2026-08-02 13:30:46.925942+00
d9b3b56c-4979-4c4f-a88e-114b45a93d02,client_alert,critical,content_critical,28985,,8,,,/,"{""animated"": true}",2026-08-02 13:33:11.648701+00
d92db2fd-22dd-4eb5-a9a6-17f883567fd0,client_alert,critical,content_critical,28986,,8,,,/,"{""animated"": true}",2026-08-02 13:33:14.0843+00
0743a969-aa40-4324-a06e-7ae41f63e4cb,client_alert,critical,content_critical,28778,,8,,,/,"{""animated"": true}",2026-08-02 13:34:23.644123+00
6972c3c4-7cda-4673-a297-4b276f3e6e0a,client_alert,critical,content_critical,28780,,8,,,/,"{""animated"": true}",2026-08-02 13:36:08.888568+00
26c09d33-2b81-4857-b824-dddadc9568e2,client_alert,critical,content_critical,28781,,8,,,/,"{""animated"": true}",2026-08-02 13:36:55.640641+00
69a6327b-2fac-4f9c-a024-84054c74ebc2,client_alert,critical,content_critical,28781,,8,,,/,"{""animated"": true}",2026-08-02 13:37:19.481232+00
1c3ecebc-7e4a-4690-8102-1a35106aeed2,client_alert,critical,content_critical,28990,,8,,,/,"{""animated"": true}",2026-08-02 13:37:31.788025+00
c296d460-702c-41eb-a217-6e91df6e9256,client_alert,critical,content_critical,28784,,8,,,/,"{""animated"": true}",2026-08-02 13:39:40.58416+00
954b1864-0090-47cf-ae88-1faa1600d9dc,client_alert,critical,content_critical,28992,,8,,,/,"{""animated"": true}",2026-08-02 13:39:52.490749+00
fbc32c83-75d6-4118-9d60-917f31a7c7e9,client_alert,critical,content_critical,28992,,8,,,/,"{""animated"": true}",2026-08-02 13:40:05.911751+00
9fc9a4c7-0c0e-46dd-a5d7-2bd0bd4aeedf,client_alert,critical,content_critical,28784,,8,,,/,"{""animated"": true}",2026-08-02 13:40:06.907535+00
90bc51d1-1b82-47dd-b21d-f959294cd38e,client_alert,critical,content_critical,28785,,8,,,/,"{""animated"": true}",2026-08-02 13:40:45.073078+00
106a33fe-60db-499a-b80a-76006dce10c9,client_alert,critical,content_critical,28993,,8,,,/,"{""animated"": true}",2026-08-02 13:40:47.812672+00
3e47964a-10be-4064-89e1-bbe94ec8fea4,client_alert,critical,content_critical,28786,,8,,,/,"{""animated"": true}",2026-08-02 13:42:25.884354+00
cb46c314-1294-4167-9a91-ef26a45f7b74,client_alert,critical,content_critical,28995,,8,,,/,"{""animated"": true}",2026-08-02 13:42:33.236815+00
84cfb6c4-7d2b-4343-85cf-7af522e1f6dd,client_alert,critical,content_critical,28787,,8,,,/,"{""animated"": true}",2026-08-02 13:42:49.000141+00
3f2e4319-3c3d-4d95-85d5-07ca4d254ad1,client_alert,critical,content_critical,28995,,8,,,/,"{""animated"": true}",2026-08-02 13:42:55.503176+00
abcaf615-e06e-4745-a85b-1dbcdf693824,client_alert,critical,content_critical,28996,,8,,,/,"{""animated"": true}",2026-08-02 13:43:48.771566+00
635e096d-408c-4949-9e30-994724dbefec,client_alert,critical,content_critical,28789,,8,,,/,"{""animated"": true}",2026-08-02 13:45:05.652155+00
42ad918b-ea48-41ea-b674-05c5e61f4e25,client_alert,critical,content_critical,28789,,8,,,/,"{""animated"": true}",2026-08-02 13:45:17.188005+00
d167f653-0d3a-4c99-8a08-c1d15dfee92a,client_alert,critical,content_critical,28998,,8,,,/,"{""animated"": true}",2026-08-02 13:45:21.711701+00
b98b956a-b0aa-4885-abe2-706208892f4a,client_alert,critical,content_critical,28998,,8,,,/,"{""animated"": true}",2026-08-02 13:45:56.665166+00
4e30eeb9-3d7e-430f-801c-5a5de6b708d8,client_alert,critical,content_critical,28793,,8,,,/,"{""animated"": true}",2026-08-02 13:49:02.037114+00
b2530324-9113-428a-a33b-4738a7113d71,client_alert,critical,content_critical,28794,,8,,,/,"{""animated"": true}",2026-08-02 13:49:43.108791+00
6b963b5d-4fa4-402f-8a97-710aa769159a,client_alert,critical,content_critical,29002,,8,,,/,"{""animated"": true}",2026-08-02 13:49:44.451487+00
8bcfc705-ee41-4395-ab52-a449a67c07e2,client_alert,critical,content_critical,28794,,8,,,/,"{""animated"": true}",2026-08-02 13:49:44.484429+00
c6c2f21b-f522-4c2d-96ce-3ed7cd55a104,client_alert,critical,content_critical,29003,,8,,,/,"{""animated"": true}",2026-08-02 13:50:35.338655+00
c2a74682-60ae-4fdf-957b-02af5bed4463,client_alert,critical,content_critical,28794,,8,,,/,"{""animated"": true}",2026-08-02 13:50:36.197381+00
f7ef1765-5772-4bf5-b0a3-4ee15f49a422,client_alert,critical,content_critical,29004,,8,,,/,"{""animated"": true}",2026-08-02 13:51:13.402506+00
262bea77-ca0b-4da6-95fd-b4dbb95e23ea,client_alert,critical,content_critical,28797,,8,,,/,"{""animated"": true}",2026-08-02 13:53:26.795073+00
c61a6bba-61b8-40b5-974a-ea4efc525511,client_alert,critical,content_critical,29006,,8,,,/,"{""animated"": true}",2026-08-02 13:53:28.377992+00
163dfbe9-708d-4b4f-ad7f-cfb93ef1de5d,client_alert,critical,content_critical,28798,,8,,,/,"{""animated"": true}",2026-08-02 13:53:56.632417+00
af89a0d4-3c9c-4ee6-9c70-b2daaa5421db,client_alert,critical,content_critical,29006,,8,,,/,"{""animated"": true}",2026-08-02 13:53:56.662509+00
66e9d20c-c5ad-4641-b7e3-6196241338b6,client_alert,critical,content_critical,29007,,8,,,/,"{""animated"": true}",2026-08-02 13:54:35.113901+00
fabc1631-54b9-4065-8b4f-0e1af9c76359,client_alert,critical,content_critical,28800,,8,,,/,"{""animated"": true}",2026-08-02 13:56:25.310775+00
cdd986d7-b5b5-4e8a-858f-249292906892,client_alert,critical,content_critical,29009,,8,,,/,"{""animated"": true}",2026-08-02 13:56:31.428688+00
b9fb6e4a-c691-47df-8646-3f7a12bdc5af,client_alert,critical,content_critical,29009,,8,,,/,"{""animated"": true}",2026-08-02 13:56:47.542033+00
31246f42-5b42-4450-ba95-c664867bde51,client_alert,critical,content_critical,28801,,8,,,/,"{""animated"": true}",2026-08-02 13:56:48.083732+00
3f3f760f-4511-43fa-8821-f36b0e92d183,client_alert,critical,content_critical,28802,,8,,,/,"{""animated"": true}",2026-08-02 13:58:05.054951+00
aa3b7d01-2f0e-4699-ba25-7b213359a9b4,client_alert,critical,content_critical,29010,,8,,,/,"{""animated"": true}",2026-08-02 13:58:09.727448+00
c4480141-7561-470d-8ff4-cd600c6cb001,client_alert,critical,content_critical,29011,,8,,,/,"{""animated"": true}",2026-08-02 13:59:03.033236+00
fc0dcece-95d0-433f-aa7e-9d482bb1c40f,client_alert,critical,content_critical,29016,,8,,,/,"{""animated"": true}",2026-08-02 14:04:03.423992+00
794dbc23-f489-4738-844a-391719a09275,client_alert,critical,content_critical,29019,,8,,,/,"{""animated"": true}",2026-08-02 14:06:35.669568+00
7ada2e84-285c-4137-8ba5-b39092adca7b,client_alert,critical,content_critical,29022,,8,,,/,"{""animated"": true}",2026-08-02 14:09:57.992005+00
8a136768-d3fd-4aaf-8389-a27295f478b2,client_alert,critical,content_critical,29025,,8,,,/,"{""animated"": true}",2026-08-02 14:12:28.663313+00
b666c87e-d9cb-4a7d-9692-ed3482287dbf,client_alert,critical,content_critical,29032,,8,,,/,"{""animated"": true}",2026-08-02 14:20:00.543528+00
aa3f5452-ceb1-4115-af3e-67c8d335e712,client_alert,critical,content_critical,29038,,8,,,/,"{""animated"": true}",2026-08-02 14:25:24.887657+00
773b1374-b472-4312-b138-4669879e181e,client_alert,critical,content_critical,29038,,8,,,/,"{""animated"": true}",2026-08-02 14:25:58.430759+00
9455c420-c608-4f44-9e29-821b26517049,client_alert,critical,content_critical,29040,,8,,,/,"{""animated"": true}",2026-08-02 14:27:40.349491+00
1f605eda-5be4-427b-b657-c511d15fd777,client_alert,critical,content_critical,29041,,8,,,/,"{""animated"": true}",2026-08-02 14:28:14.709847+00
25268c82-fdbc-4e2f-a328-bbf83840651d,client_alert,critical,content_critical,29041,,8,,,/,"{""animated"": true}",2026-08-02 14:28:53.868655+00
e24563a4-cb89-44c6-81e3-a766cb47375a,client_alert,critical,content_critical,29043,,8,,,/,"{""animated"": true}",2026-08-02 14:30:43.06165+00
35c33ba2-c6ee-47f9-a65f-49a7b7843b44,client_alert,critical,content_critical,29043,,8,,,/,"{""animated"": true}",2026-08-02 14:30:56.795194+00
880c7a33-9c29-4179-9f64-8055fccfa40e,client_alert,critical,content_critical,29043,,8,,,/,"{""animated"": true}",2026-08-02 14:31:05.13052+00
ad497e5a-cce5-47a6-ab30-8f2be9298da4,client_alert,critical,content_critical,29044,,8,,,/,"{""animated"": true}",2026-08-02 14:31:36.377265+00
cdb8be8c-08d1-402e-bae0-18216c8b3864,client_alert,critical,content_critical,29044,,8,,,/,"{""animated"": true}",2026-08-02 14:31:45.960336+00
7737f223-fc5f-48d6-8145-39425574bbb0,client_alert,critical,content_critical,29044,,8,,,/,"{""animated"": true}",2026-08-02 14:31:55.474998+00
07924c07-423a-4caf-9c5c-16f802da5b78,client_alert,critical,content_critical,29046,,8,,,/,"{""animated"": true}",2026-08-02 14:34:04.895694+00
fadd6b37-81b4-46d4-9462-2d74a7e0147f,client_alert,critical,content_critical,29049,,8,,,/,"{""animated"": true}",2026-08-02 14:36:38.19736+00
1728c4ee-3e12-4f9e-8997-6997b78746cc,client_alert,critical,content_critical,29052,,8,,,/,"{""animated"": true}",2026-08-02 14:39:48.81152+00
4e58b3dc-931a-45b7-9486-ed2fdf9aefc7,client_alert,critical,content_critical,29053,,8,,,/,"{""animated"": true}",2026-08-02 14:40:51.761255+00
f765ba41-9731-4d50-bacc-f7827df0392e,client_alert,critical,content_critical,29057,,8,,,/,"{""animated"": true}",2026-08-02 14:45:05.203422+00
7f247158-a17c-4863-8929-b271424aa322,client_alert,critical,content_critical,29062,,8,,,/,"{""animated"": true}",2026-08-02 14:49:17.446016+00
5af9ed3f-249a-4b7a-9f8a-ba2061921cb5,client_alert,critical,content_critical,29062,,8,,,/,"{""animated"": true}",2026-08-02 14:50:12.56669+00
d06f86ab-28a2-4a0a-8da5-5b8572a2656b,client_alert,critical,content_critical,29065,,8,,,/,"{""animated"": true}",2026-08-02 14:52:47.411007+00
7be9d42f-52f9-4b14-9f39-42091a422398,client_alert,critical,content_critical,29067,,8,,,/,"{""animated"": true}",2026-08-02 14:55:00.379072+00
c5c20461-3b33-45f1-8116-e48590a30ec6,client_alert,critical,content_critical,29072,,8,,,/,"{""animated"": true}",2026-08-02 14:59:14.960731+00
e8eaa14b-16a6-405f-b01a-00a0936ea48d,client_alert,critical,content_critical,29072,,8,,,/,"{""animated"": true}",2026-08-02 14:59:26.100272+00
ea8a3414-4f48-4b22-b4db-a8d811e69cb5,client_alert,critical,content_critical,29073,,8,,,/,"{""animated"": true}",2026-08-02 15:00:19.038098+00
10d8f702-a72d-46fb-976c-24ce61ecbc69,client_alert,critical,content_critical,29073,,8,,,/,"{""animated"": true}",2026-08-02 15:01:02.069487+00
943e887b-f774-47e9-ae9f-ab7efdad24b0,client_alert,critical,content_critical,29075,,8,,,/,"{""animated"": true}",2026-08-02 15:02:21.639846+00
42ffc01a-4ce9-48f2-a341-f921d225f93a,client_alert,critical,content_critical,29076,,8,,,/,"{""animated"": true}",2026-08-02 15:03:48.046774+00
2376d90f-21f7-475f-be25-f452d70c3fd2,client_alert,critical,content_critical,29076,,8,,,/,"{""animated"": true}",2026-08-02 15:03:51.897167+00
3713af83-6588-4498-93d8-914e91ffeca7,client_alert,critical,content_critical,29077,,8,,,/,"{""animated"": true}",2026-08-02 15:04:40.366009+00
9b24e29b-36b4-4c6b-a0c9-0706e6e8c008,client_alert,critical,content_critical,29078,,8,,,/,"{""animated"": true}",2026-08-02 15:05:16.781135+00
02ee24d8-e620-4605-a28b-6ce462e4ef9a,client_alert,warn,content_warn,187,,8,,,/,"{""animated"": true}",2026-08-02 18:26:44.641632+00
ffdd9497-ba03-4a22-a7dc-15d989e61e8c,client_alert,warn,content_warn,262,,8,,,/,"{""animated"": true}",2026-08-02 19:41:29.075138+00
47c10fd3-cca4-4850-a032-ccc15a3d44c8,client_alert,warn,content_warn,265,,8,,,/,"{""animated"": true}",2026-08-02 19:44:39.974049+00
e940c523-87c1-43c8-8b11-c26de8778d51,client_alert,warn,content_warn,266,,8,,,/,"{""animated"": true}",2026-08-02 19:44:54.845038+00
9a924b75-fa6b-4927-8ef3-d9d1ee1c043f,client_alert,warn,content_warn,267,,8,,,/,"{""animated"": true}",2026-08-02 19:46:33.502048+00
eebc81ff-82ca-4865-a0ed-1651fc6bf434,client_alert,warn,content_warn,273,,8,,,/,"{""animated"": true}",2026-08-02 19:52:03.640662+00
161a0b1c-b77e-4e01-ab0f-52defe4c74b2,client_alert,critical,content_critical,862,,8,,,/,"{""animated"": true}",2026-08-03 05:41:31.672583+00
45a44db3-0466-49ab-b625-e967ac8585f9,client_alert,critical,content_critical,862,,8,,,/,"{""animated"": true}",2026-08-03 05:41:32.14622+00
8e993edf-31ca-4719-9211-787c7e6ff1bb,client_alert,critical,content_critical,864,,8,,,/,"{""animated"": true}",2026-08-03 05:42:59.331923+00
83b9f8be-976e-490c-99b9-57435c7ca27a,client_alert,critical,content_critical,864,,8,,,/,"{""animated"": true}",2026-08-03 05:43:34.885051+00
95c20aec-3018-4053-ab52-5b892efd91b5,client_alert,critical,content_critical,1125,,8,,,/,"{""animated"": true}",2026-08-03 10:04:27.425591+00
9bc1dea9-3d40-4293-a5f9-d21bc4050197,client_alert,critical,content_critical,1128,,8,,,/,"{""animated"": true}",2026-08-03 10:07:20.258941+00
fd4a518c-59ba-408d-a255-a17944bc49db,client_alert,critical,content_critical,1133,,8,,,/,"{""animated"": true}",2026-08-03 10:12:50.407726+00
5668f799-fa98-4cc4-a7ae-70addd3f60d5,client_alert,critical,content_critical,1136,,8,,,/,"{""animated"": true}",2026-08-03 10:15:49.58671+00
82d88e3a-d7b5-47f4-9e1b-6fabfba63461,client_alert,critical,content_critical,1137,,8,,,/,"{""animated"": true}",2026-08-03 10:16:04.119322+00
2ef63710-2cde-4077-85f7-ac700438b5b0,client_alert,critical,content_critical,1160,,8,,,/,"{""animated"": true}",2026-08-03 10:39:45.998864+00
5c5f806a-95c7-463a-a86e-6b10232e53a6,client_alert,critical,content_critical,1161,,8,,,/,"{""animated"": true}",2026-08-03 10:40:14.398685+00
38bbce30-235f-463f-9be1-e4b56cfc42aa,client_alert,critical,content_critical,1170,,8,,,/,"{""animated"": true}",2026-08-03 10:49:11.166887+00
007d89d4-8b09-4e66-9ec0-89d7a258371a,client_alert,critical,content_critical,1370,,8,,,/,"{""animated"": true}",2026-08-03 14:09:35.436986+00
5227be74-89fb-4e11-a2d8-cc25ea06b065,client_alert,critical,content_critical,1371,,8,,,/,"{""animated"": true}",2026-08-03 14:09:55.576873+00
0bb2c2fa-2880-4bbf-b2f7-fbbfed1a628e,client_alert,critical,content_critical,1371,,8,,,/,"{""animated"": true}",2026-08-03 14:10:37.946909+00
06c0f8b1-fe03-4624-9218-df16611c9daf,client_alert,critical,content_critical,1389,,8,,,/,"{""animated"": true}",2026-08-03 14:28:00.083905+00
90e04cc1-8f5f-45f2-a02b-4eb61f88d6c3,client_alert,critical,content_critical,1390,,8,,,/,"{""animated"": true}",2026-08-03 14:28:58.86336+00
8c0bc5cc-6ca7-4b37-a807-40b35cc4d84a,client_alert,critical,content_critical,1390,,8,,,/,"{""animated"": true}",2026-08-03 14:29:13.474546+00
0521e6bc-bfd6-4ae2-9a1f-27735513f6b4,client_alert,critical,content_critical,1411,,8,,,/,"{""animated"": true}",2026-08-03 14:50:17.830415+00
f162c590-7e18-4c8e-a222-932983530f97,client_alert,critical,content_critical,1413,,8,,,/,"{""animated"": true}",2026-08-03 14:52:27.923269+00
90dd752b-cf14-45b6-af52-33ffdc47983a,client_alert,critical,content_critical,1413,,8,,,/,"{""animated"": true}",2026-08-03 14:52:36.307306+00
df517c8e-4c63-4b81-a7ae-2f153f50932f,client_alert,critical,content_critical,1414,,8,,,/,"{""animated"": true}",2026-08-03 14:53:21.423496+00
b2763a88-0371-40ed-95c3-86e7293197e5,client_alert,critical,content_critical,1416,,8,,,/,"{""animated"": true}",2026-08-03 14:54:58.966398+00
be60190a-0854-4a63-8d93-0699d40bc06d,client_alert,critical,content_critical,1416,,8,,,/,"{""animated"": true}",2026-08-03 14:55:01.767555+00
7b5b5ac6-e084-4369-aed5-64256157deac,client_alert,critical,content_critical,1416,,8,,,/,"{""animated"": true}",2026-08-03 14:55:05.924016+00
a2a9893b-7a1e-4135-a463-0f912650e68c,client_alert,critical,content_critical,1416,,8,,,/,"{""animated"": true}",2026-08-03 14:55:32.076694+00
c9cbe2e4-4357-4c59-9667-5f22f005fa58,client_alert,critical,content_critical,1416,,8,,,/,"{""animated"": true}",2026-08-03 14:55:35.165702+00
18cf0d5c-8935-45e9-b1a5-9f8e7230eb19,client_alert,critical,content_critical,1416,,8,,,/,"{""animated"": true}",2026-08-03 14:55:45.66542+00
a28ec076-c12f-409b-b655-cc415cb84b43,client_alert,critical,content_critical,1416,,8,,,/,"{""animated"": true}",2026-08-03 14:55:48.43238+00
12af19da-5da7-48f8-a702-398aeb9cac46,client_alert,critical,content_critical,1417,,8,,,/,"{""animated"": true}",2026-08-03 14:56:07.843073+00
2c86456e-d94f-4ae0-b9a4-808943f64987,client_alert,critical,content_critical,1417,,8,,,/,"{""animated"": true}",2026-08-03 14:56:31.168308+00
e007e527-52be-41e1-92df-fa2f03432459,client_alert,critical,content_critical,1418,,8,,,/,"{""animated"": true}",2026-08-03 14:57:10.448779+00
98d45724-eb57-40de-92f0-e230c9c4bd75,client_alert,critical,content_critical,1418,,8,,,/,"{""animated"": true}",2026-08-03 14:57:40.023381+00
89270649-a479-4a02-a30a-d81b2d587717,client_alert,critical,content_critical,1449,,8,,,/,"{""animated"": true}",2026-08-03 15:28:51.953111+00
3b078a1b-fd4b-4df6-97ea-40ecd6b29b2d,client_alert,critical,content_critical,1461,,8,,,/,"{""animated"": true}",2026-08-03 15:40:11.447294+00
308ed27f-0a08-4b0b-9821-af8097db84e6,client_alert,warn,content_warn,181,,8,,,/,"{""animated"": true}",2026-08-03 19:34:30.551879+00
3b7566a1-d8d4-44de-9109-c6692b390003,client_alert,warn,content_warn,198,,8,,,/,"{""animated"": true}",2026-08-03 19:51:12.621788+00
2f6eb44e-ac6b-4785-af9d-b6324801ad41,client_alert,warn,content_warn,198,,8,,,/,"{""animated"": true}",2026-08-03 19:51:12.857039+00
5870e2c1-8fdc-4192-b2b8-a6276e810010,client_alert,warn,content_warn,200,,8,,,/,"{""animated"": true}",2026-08-03 19:53:20.096325+00
aa57bbe6-5f61-41a8-9280-94a351f66fe6,client_alert,warn,content_warn,200,,8,,,/,"{""animated"": true}",2026-08-03 19:53:39.235896+00
1978d857-f59f-4cd4-9f57-672a39d830fd,client_alert,warn,content_warn,211,,8,,,/,"{""animated"": true}",2026-08-03 20:04:38.230256+00
bfd9dd34-af94-489d-add5-43e42dbcba57,client_alert,warn,content_warn,211,,8,,,/,"{""animated"": true}",2026-08-03 20:04:40.01303+00
f4facd1b-5803-4ff9-9257-f49ac3de8b19,client_alert,warn,content_warn,213,,8,,,/,"{""animated"": true}",2026-08-03 20:06:05.949875+00
1c643f76-aef4-4a90-873e-c07a69525383,client_alert,warn,content_warn,213,,8,,,/,"{""animated"": true}",2026-08-03 20:06:06.213408+00
56c412c4-7d82-4141-ad60-5edb2f48e55d,client_alert,warn,content_warn,236,,8,,,/,"{""animated"": true}",2026-08-03 20:29:17.44582+00
c2f525b1-7b81-4181-bc38-7aced7def18d,client_alert,critical,content_critical,943,,8,,,/,"{""animated"": true}",2026-08-04 08:16:51.850738+00
05be30e4-7044-4b3c-ad12-696a3be04b20,client_alert,critical,content_critical,1011,,8,,,/,"{""animated"": true}",2026-08-04 09:24:31.008621+00
c24e4abd-d457-49d0-bc32-a84d96df1ae3,client_alert,critical,content_critical,1011,,8,,,/,"{""animated"": true}",2026-08-04 09:24:34.462133+00
ec48184e-e0be-41a4-9841-2d74b16c8c8e,client_alert,critical,content_critical,1020,,8,,,/,"{""animated"": true}",2026-08-04 09:33:56.627415+00
dd7981f3-d45f-4909-87b9-0ae962d15c32,client_alert,critical,content_critical,1023,,8,,,/,"{""animated"": true}",2026-08-04 09:36:34.461583+00
175f782f-ca70-4a0b-ad0e-3a875bc71d99,client_alert,critical,content_critical,1026,,8,,,/,"{""animated"": true}",2026-08-04 09:38:58.887568+00
ce9e59b2-b365-4155-aad7-e6169e22ace1,client_alert,critical,content_critical,1026,,8,,,/,"{""animated"": true}",2026-08-04 09:39:24.50757+00
57fb040c-8527-4936-9887-35835cece993,client_alert,critical,content_critical,1026,,8,,,/,"{""animated"": true}",2026-08-04 09:39:24.840634+00
89340812-4160-4e27-adc0-318166b77a2b,client_alert,critical,content_critical,1026,,8,,,/,"{""animated"": true}",2026-08-04 09:39:25.055662+00
209b1c62-24e3-42c9-a644-44ca6a0faaaf,client_alert,critical,content_critical,1026,,8,,,/,"{""animated"": true}",2026-08-04 09:39:28.947315+00
cde04533-e6b4-4f04-b24e-18cf40a074bb,client_alert,critical,content_critical,1059,,8,,,/,"{""animated"": true}",2026-08-04 10:12:43.183239+00
94f8757d-922f-441c-9ff7-46f73d489053,client_alert,critical,content_critical,1098,,8,,,/,"{""animated"": true}",2026-08-04 10:51:17.137475+00
a2b0104a-de26-4967-9d2c-65eac84268ae,client_alert,critical,content_critical,1176,,8,,,/,"{""animated"": true}",2026-08-04 12:09:02.603649+00
59999a77-e2b5-4951-a950-1dba4de2a2c6,client_alert,critical,content_critical,1178,,8,,,/,"{""animated"": true}",2026-08-04 12:11:39.705265+00
6c73efee-498f-4a04-b32f-9a6b89e42ded,client_alert,critical,content_critical,1179,,8,,,/,"{""animated"": true}",2026-08-04 12:12:02.150007+00
d85ca647-a047-47c8-9f19-205b4379e0a7,client_alert,critical,content_critical,1179,,8,,,/,"{""animated"": true}",2026-08-04 12:12:07.703477+00
d25ee64f-b354-43be-a2df-a0b1aa1bbced,client_alert,critical,content_critical,1181,,8,,,/,"{""animated"": true}",2026-08-04 12:14:54.820249+00
b4940cfc-28a1-445f-8f2e-ebc540b06843,client_alert,critical,content_critical,1214,,8,,,/,"{""animated"": true}",2026-08-04 12:47:54.221801+00
da6fa0b3-eac8-4f8b-85d6-e38e8b90cca3,client_alert,critical,content_critical,1215,,8,,,/,"{""animated"": true}",2026-08-04 12:48:04.778903+00
23482bf7-c866-4a17-9644-8ba06baed6d6,client_alert,critical,content_critical,1227,,8,,,/,"{""animated"": true}",2026-08-04 13:00:00.92533+00
b4524337-b7e9-44ad-bd5f-bc6ba9af771c,client_alert,critical,content_critical,1236,,8,,,/,"{""animated"": true}",2026-08-04 13:09:22.884823+00
fb045f06-d411-443e-981d-44207d816171,client_alert,critical,content_critical,1236,,8,,,/,"{""animated"": true}",2026-08-04 13:09:42.356415+00
42e63ea2-b1a0-47e3-8030-9cf0c92cd077,client_alert,critical,content_critical,1240,,8,,,/,"{""animated"": true}",2026-08-04 13:13:34.791492+00
9fb72682-4600-43bb-997b-ab229dfb6764,client_alert,critical,content_critical,1240,,8,,,/,"{""animated"": true}",2026-08-04 13:13:56.028002+00
9507bf46-27da-4435-8d0d-c6a52dcb2040,client_alert,critical,content_critical,1254,,8,,,/,"{""animated"": true}",2026-08-04 13:27:25.303343+00
ee9823b6-15f4-40be-84b6-b16c1bc6839c,client_alert,critical,content_critical,1260,,8,,,/,"{""animated"": true}",2026-08-04 13:33:55.645223+00
40c34096-5dd6-45c7-aa10-9ee347d13167,client_alert,critical,content_critical,1263,,8,,,/,"{""animated"": true}",2026-08-04 13:36:53.940454+00
ed3f7f8d-4f5d-443e-8f76-b8beefb2a01c,client_alert,critical,content_critical,1267,,8,,,/,"{""animated"": true}",2026-08-04 13:40:35.230846+00
76d28ac6-75bf-4539-9325-4d90c1067bf0,client_alert,critical,content_critical,1276,,8,,,/,"{""animated"": true}",2026-08-04 13:48:59.710995+00
4d331bb8-4a65-4056-97b0-c9b463187524,client_alert,critical,content_critical,1301,,8,,,/,"{""animated"": true}",2026-08-04 14:14:50.608659+00
445bbeb4-53a5-4459-9635-8f0a2efcfb09,client_alert,critical,content_critical,1306,,8,,,/,"{""animated"": true}",2026-08-04 14:19:16.5449+00
34ca6609-5b89-44eb-8edc-d1f01e42dc36,client_alert,critical,content_critical,1308,,8,,,/,"{""animated"": true}",2026-08-04 14:21:45.20543+00
b0c5fc6e-91a4-4e54-b5d3-82bc6117ab35,client_alert,critical,content_critical,1308,,8,,,/,"{""animated"": true}",2026-08-04 14:21:48.142499+00
3dbaae6d-d4a4-42b1-a793-60ca16668c20,client_alert,critical,content_critical,1309,,8,,,/,"{""animated"": true}",2026-08-04 14:22:32.945779+00
6b405488-7433-4493-850e-4c37d0b7efe2,client_alert,critical,content_critical,1310,,8,,,/,"{""animated"": true}",2026-08-04 14:23:06.582328+00
a9db4afb-1e3e-402b-8182-326524ee06d2,client_alert,critical,content_critical,1313,,8,,,/,"{""animated"": true}",2026-08-04 14:26:35.538263+00
6425df90-f4f3-416e-9a97-e9c8485774b6,client_alert,critical,content_critical,1314,,8,,,/,"{""animated"": true}",2026-08-04 14:27:39.152211+00
28599792-001e-40ec-b722-eb7cbcb81f25,client_alert,critical,content_critical,1314,,8,,,/,"{""animated"": true}",2026-08-04 14:27:40.530038+00
4fdbc896-9fed-40df-aa25-3dd38c6ff47f,client_alert,critical,content_critical,1315,,8,,,/,"{""animated"": true}",2026-08-04 14:28:10.606524+00
4321fa3d-acc9-414b-b55d-c4723bcb998a,client_alert,critical,content_critical,1317,,8,,,/,"{""animated"": true}",2026-08-04 14:30:37.05594+00
156414a9-bc28-45d0-911e-ea4bdfd917ca,client_alert,critical,content_critical,1317,,8,,,/,"{""animated"": true}",2026-08-04 14:30:38.419381+00
e62f39f3-d52a-4314-a828-9cc11d35b648,client_alert,critical,content_critical,1356,,8,,,/,"{""animated"": true}",2026-08-04 15:09:41.699104+00
d32251ab-e9d2-475b-8057-023c7abcd307,client_alert,critical,content_critical,1357,,8,,,/,"{""animated"": true}",2026-08-04 15:10:51.171935+00
09c5d961-28a2-4a18-a964-c896ecd6ea33,client_alert,critical,content_critical,1358,,8,,,/,"{""animated"": true}",2026-08-04 15:11:36.14803+00
23879621-d86e-401a-831b-94ab1546239c,client_alert,critical,content_critical,1359,,8,,,/,"{""animated"": true}",2026-08-04 15:12:45.392022+00
3eab4690-1364-4224-b510-d54b26afe884,client_alert,critical,content_critical,1359,,8,,,/,"{""animated"": true}",2026-08-04 15:12:51.907321+00
fa05661f-d481-4ff3-b510-d26b0a09560f,client_alert,critical,content_critical,1360,,8,,,/,"{""animated"": true}",2026-08-04 15:13:22.738552+00
9fd24512-5a6e-4e19-bf17-881416abe9d8,client_alert,critical,content_critical,1360,,8,,,/,"{""animated"": true}",2026-08-04 15:13:27.013147+00
413e0627-6210-4a06-97f6-b515e47ef714,client_alert,critical,content_critical,1361,,8,,,/,"{""animated"": true}",2026-08-04 15:14:03.732897+00
19c93495-5cc0-4d2b-9cde-7d236bd1fb75,client_alert,critical,content_critical,1361,,8,,,/,"{""animated"": true}",2026-08-04 15:14:07.670018+00
47f0b2c7-63f6-46a5-95c6-8d6903a2ff4a,client_alert,critical,content_critical,1361,,8,,,/,"{""animated"": true}",2026-08-04 15:14:23.406572+00
61c4f77c-e2ee-481c-9f0e-21d43f0dbc8a,client_alert,critical,content_critical,1361,,8,,,/,"{""animated"": true}",2026-08-04 15:14:27.532204+00
7364f355-b5ef-47a5-b191-3e8120987ff3,client_alert,critical,content_critical,1361,,8,,,/,"{""animated"": true}",2026-08-04 15:14:31.176549+00
5ef63474-b535-40d5-90fe-9eaa0d1d5147,client_alert,critical,content_critical,1361,,8,,,/,"{""animated"": true}",2026-08-04 15:14:53.067796+00
ccb513d6-81da-4555-b968-e235bacb7cd7,client_alert,critical,content_critical,1362,,8,,,/,"{""animated"": true}",2026-08-04 15:15:32.079498+00
ad138e43-4040-4e14-8341-cf835abd8fa3,client_alert,critical,content_critical,1363,,8,,,/,"{""animated"": true}",2026-08-04 15:16:42.950428+00
e3dd9a92-cfc2-4580-8464-633394e77464,client_alert,critical,content_critical,1372,,8,,,/,"{""animated"": true}",2026-08-04 15:25:13.157799+00
b2989121-1a70-4de4-ae76-3904f7e02fcb,client_alert,critical,content_critical,1392,,8,,,/,"{""animated"": true}",2026-08-04 15:45:24.473693+00
cad5300c-2f0d-4f00-91e5-e021b6a2bac6,client_alert,critical,content_critical,1399,,8,,,/,"{""animated"": true}",2026-08-04 15:52:09.480912+00
f4ad086c-d087-483f-8408-00825c59ba94,client_alert,critical,content_critical,1408,,8,,,/,"{""animated"": true}",2026-08-04 16:01:30.70452+00
f6120b39-14c1-41cc-8cde-3c47697486ce,client_alert,critical,content_critical,1409,,8,,,/,"{""animated"": true}",2026-08-04 16:02:11.60131+00
074b296c-a2cf-460b-9ee5-fedd75d55639,client_alert,critical,content_critical,1410,,8,,,/,"{""animated"": true}",2026-08-04 16:03:26.183232+00
55ff125a-2782-4e77-99e4-6e1518e960aa,client_alert,critical,content_critical,1411,,8,,,/,"{""animated"": true}",2026-08-04 16:04:10.608541+00
98ff7730-2e3e-4026-8739-dd8a81ab6591,client_alert,critical,content_critical,1414,,8,,,/,"{""animated"": true}",2026-08-04 16:07:33.058289+00
7f6fc5df-2cca-4c70-a762-63c9891b483a,client_alert,critical,content_critical,1414,,8,,,/,"{""animated"": true}",2026-08-04 16:07:46.690744+00
7a53dc60-9e9c-489c-8631-d3e9ca152ce0,client_alert,critical,content_critical,1417,,8,,,/,"{""animated"": true}",2026-08-04 16:10:14.544367+00
118e5d7f-da0e-4151-84ba-c6a6b5db9e64,client_alert,critical,content_critical,1417,,8,,,/,"{""animated"": true}",2026-08-04 16:10:20.426171+00
f8fe2987-26ed-4bbf-84a3-dfe952f96ebf,client_alert,critical,content_critical,1417,,8,,,/,"{""animated"": true}",2026-08-04 16:10:50.634589+00
5939007f-ac34-435f-ab32-cf2b7f3c0ca3,client_alert,critical,content_critical,1418,,8,,,/,"{""animated"": true}",2026-08-04 16:11:18.715836+00
539d6cad-5e56-4472-8524-89060687bbc4,client_alert,critical,content_critical,1419,,8,,,/,"{""animated"": true}",2026-08-04 16:12:11.059679+00
d85eb50c-318c-4937-8dfb-368516db1ed8,client_alert,critical,content_critical,1423,,8,,,/,"{""animated"": true}",2026-08-04 16:16:09.573583+00
c7148c30-ce15-400c-92c2-6e199eac1e1b,client_alert,critical,content_critical,1424,,8,,,/,"{""animated"": true}",2026-08-04 16:17:13.717317+00
61e68183-561b-4ad0-b594-b0eed3e5ba6f,client_alert,critical,content_critical,1424,,8,,,/,"{""animated"": true}",2026-08-04 16:17:15.879653+00
e36fbc04-ed2f-4f39-899a-742ee4c1e38b,client_alert,critical,content_critical,1424,,8,,,/,"{""animated"": true}",2026-08-04 16:17:53.80294+00
382726a1-3028-453f-a235-b114ebe9cbfb,client_alert,critical,content_critical,1425,,8,,,/,"{""animated"": true}",2026-08-04 16:17:58.924256+00
ffb9cdc1-0c22-4847-a5da-10d0bc3b0fbf,client_alert,critical,content_critical,1425,,8,,,/,"{""animated"": true}",2026-08-04 16:18:55.343202+00
8b159749-92a6-4c39-8929-f9a14c913c29,client_alert,critical,content_critical,1430,,8,,,/,"{""animated"": true}",2026-08-04 16:23:03.503198+00
03e0a0e8-5a53-4f04-9e2e-df91e5a18ed7,client_alert,critical,content_critical,1433,,8,,,/,"{""animated"": true}",2026-08-04 16:26:39.828761+00
ed53bd29-8fb0-4d03-a789-e03455c5efeb,client_alert,critical,content_critical,1433,,8,,,/,"{""animated"": true}",2026-08-04 16:26:50.442605+00
5e428692-f0c1-422f-a01c-44690c698d1d,client_alert,critical,content_critical,1442,,8,,,/,"{""animated"": true}",2026-08-04 16:35:16.096742+00
95cc3549-a4cd-4af3-b0ed-1e342abe4c66,client_alert,critical,content_critical,1444,,8,,,/,"{""animated"": true}",2026-08-04 16:37:12.29414+00
d1e24509-d48d-4e22-9acc-40d57f6c5df5,client_alert,critical,content_critical,1444,,8,,,/,"{""animated"": true}",2026-08-04 16:37:37.548306+00
8a51598f-2c60-4cd4-be6f-adb7e4cb3710,client_alert,critical,content_critical,1445,,8,,,/,"{""animated"": true}",2026-08-04 16:38:40.862012+00
10daff6f-18c7-4fed-b2b9-871d767e8a3f,client_alert,critical,content_critical,1446,,8,,,/,"{""animated"": true}",2026-08-04 16:39:44.236255+00
bce30506-2a2f-49de-b308-4b886750d11d,client_alert,critical,content_critical,1447,,8,,,/,"{""animated"": true}",2026-08-04 16:39:57.738758+00
5acdac94-5c3c-4f60-b2eb-866d6f0e76d1,client_alert,critical,content_critical,1448,,8,,,/,"{""animated"": true}",2026-08-04 16:41:20.415562+00
c12f4708-b869-4ef3-8515-f5ed5c2a2a26,client_alert,critical,content_critical,1454,,8,,,/,"{""animated"": true}",2026-08-04 16:47:44.982758+00
bb8e06b4-a482-4a42-94f3-64bcda5ab18f,client_alert,critical,content_critical,1462,,8,,,/,"{""animated"": true}",2026-08-04 16:55:05.468762+00
5656e4e6-daef-4939-b9bb-4a34c1257fd3,client_alert,critical,content_critical,1480,,8,,,/,"{""animated"": true}",2026-08-04 17:13:35.005401+00
9201fd58-f536-450d-94a1-a4c73f608ba2,client_alert,critical,content_critical,2844,,8,,,/,"{""animated"": true}",2026-08-05 15:57:44.991244+00
3c7fd746-5844-4f74-8afd-4ee4f8eab10c,client_alert,critical,content_critical,3153,,8,,,/,"{""animated"": true}",2026-08-05 21:06:34.738479+00
2c4cf7a2-e832-4ae3-bfdc-4e21f9e70542,client_alert,critical,content_critical,3154,,8,,,/,"{""animated"": true}",2026-08-05 21:07:55.993284+00
fe696cc3-09a8-4c01-afa7-68ea8f8c0aeb,client_alert,critical,content_critical,3160,,8,,,/,"{""animated"": true}",2026-08-05 21:13:29.673667+00
0829e84f-3b34-495c-bd59-3b3aa20649cd,client_alert,critical,content_critical,3160,,8,,,/,"{""animated"": true}",2026-08-05 21:14:50.906353+00
de7f64da-54f8-4811-a149-c49809006731,client_alert,critical,content_critical,3160,,8,,,/,"{""animated"": true}",2026-08-05 21:15:03.281827+00
5dce351b-fd85-4e51-b78a-48a4923d0554,client_alert,critical,content_critical,3162,,8,,,/,"{""animated"": true}",2026-08-05 21:15:15.661852+00
0ed5d656-6af2-420c-9baf-b5acddd337fe,client_alert,critical,content_critical,3166,,8,,,/,"{""animated"": true}",2026-08-05 21:19:28.903865+00
3568af49-c66a-4af1-8a95-975b01889dc6,client_alert,critical,content_critical,3166,,8,,,/,"{""animated"": true}",2026-08-05 21:19:34.509648+00
3d75bf46-d946-4216-8af8-cb6677fdd8d0,client_alert,critical,content_critical,3169,,8,,,/,"{""animated"": true}",2026-08-05 21:22:40.379432+00
fc9f69cb-779d-4953-9737-faa02b58f04f,client_alert,critical,content_critical,3183,,8,,,/,"{""animated"": true}",2026-08-05 21:38:10.626018+00
81617628-21db-43ba-a5ee-e70a62c30723,client_alert,critical,content_critical,3202,,8,,,/,"{""animated"": true}",2026-08-05 21:55:25.759878+00
627d7677-589d-419b-ba39-06d5bea4ca30,client_alert,critical,content_critical,3881,,8,,,/,"{""animated"": true}",2026-08-06 09:14:42.683958+00
08349dd7-ee7b-43b2-a4ab-f82da27401ab,client_alert,critical,content_critical,4047,,8,,,/,"{""animated"": true}",2026-08-06 12:00:35.836714+00
8c046ed5-5dbd-4320-bf72-dcde9118cfd6,client_alert,critical,content_critical,4051,,8,,,/,"{""animated"": true}",2026-08-06 12:04:15.747142+00
cf5e9d6b-166c-4ad1-a1c1-a1092f1156e9,client_alert,critical,content_critical,4052,,8,,,/,"{""animated"": true}",2026-08-06 12:04:58.890503+00
1dba5a7f-7efe-4c95-a411-c4bc5c3a285f,client_alert,critical,content_critical,4056,,8,,,/,"{""animated"": true}",2026-08-06 12:09:09.054+00
931beb58-684b-417f-8131-b94c5a5a4fe8,client_alert,critical,content_critical,4367,,8,,,/,"{""animated"": true}",2026-08-06 17:20:21.907917+00
1f454b4f-8876-487b-ba98-f8d7a3691c8e,client_alert,critical,content_critical,4370,,8,,,/,"{""animated"": true}",2026-08-06 17:23:26.238191+00
7446debe-0cc5-43c1-a2af-45d56b92c209,client_alert,critical,content_critical,4371,,8,,,/,"{""animated"": true}",2026-08-06 17:24:16.119337+00
ec12f121-9658-495f-81d7-56c85c4ba235,client_alert,critical,content_critical,4371,,8,,,/,"{""animated"": true}",2026-08-06 17:24:16.195246+00
563320c1-5470-43a3-9bf1-768e6a6a4111,client_alert,critical,content_critical,4371,,8,,,/,"{""animated"": true}",2026-08-06 17:24:54.991665+00
4ecb6c0b-24e1-4c21-ac7e-bd8248a4d2d0,client_alert,critical,content_critical,4373,,8,,,/,"{""animated"": true}",2026-08-06 17:26:00.51016+00
86a97823-20d4-4108-85d7-25644bc4e068,client_alert,critical,content_critical,4373,,8,,,/,"{""animated"": true}",2026-08-06 17:26:33.454921+00
224a0e42-f8da-414b-900e-d55628741e04,client_alert,critical,content_critical,4373,,8,,,/,"{""animated"": true}",2026-08-06 17:26:43.226985+00
b60888d3-e5f1-40b0-9637-3d14a86546d3,client_alert,critical,content_critical,4375,,8,,,/,"{""animated"": true}",2026-08-06 17:28:32.715992+00
2e7e64d2-e657-4b3d-8e2f-2ae67c234ab9,client_alert,critical,content_critical,4376,,8,,,/,"{""animated"": true}",2026-08-06 17:29:23.349992+00
6bb8ed8f-5db6-4290-a965-ecfea3420e4e,client_alert,critical,content_critical,4397,,8,,,/,"{""animated"": true}",2026-08-06 17:50:04.971666+00
05018c6a-6e47-43b0-8d4b-b53330407c7b,client_alert,critical,content_critical,4407,,8,,,/,"{""animated"": true}",2026-08-06 18:00:50.169823+00
ed05689b-5959-4581-b22f-43c404c81967,client_alert,critical,content_critical,4409,,8,,,/,"{""animated"": true}",2026-08-06 18:02:33.092678+00
dd15d027-bc68-4a33-9918-da4470e9b4bf,client_alert,critical,content_critical,4410,,8,,,/,"{""animated"": true}",2026-08-06 18:03:30.595868+00
8ee2ae55-3999-4c01-8641-e8bc7c72831e,client_alert,critical,content_critical,4410,,8,,,/,"{""animated"": true}",2026-08-06 18:03:42.950851+00
