id,article_id,platform,status,message,post_url,error,sent_at,created_at,updated_at
08610f17-dc9a-4d6a-9ccb-5221065f4549,a4f7b0bd-d03e-4740-a9ab-062e2b3996dd,linkedin,skipped,"[ACTUALITÉS RDC] RDC : Félix Tshisekedi dénonce l’agression attribuée au Rwanda et à l’AFC/M23 lors de la commémoration du Genocost

Le président de la République démocratique du Congo, Félix Tshisekedi, a dénoncé dimanche l’agression que, selon lui, subit la RDC de la part du Rwanda et de la coalition AFC/M23, à l’occasion de la cérémonie nationale d

https://reelactu.com/rdc-felix-tshisekedi-denonce-l-agression-attribuee-au-rwanda-et-a-l-afc-m23-lors

#ReelActu #RDC #Actualite",,Connecteur LinkedIn non relié au projet.,,2026-08-02 15:19:22.867845+00,2026-08-02 15:19:22.867845+00
0c598844-959a-4ef1-a156-ad1fa5d31677,a4f7b0bd-d03e-4740-a9ab-062e2b3996dd,facebook,skipped,"[ACTUALITÉS RDC] RDC : Félix Tshisekedi dénonce l’agression attribuée au Rwanda et à l’AFC/M23 lors de la commémoration du Genocost

Le président de la République démocratique du Congo, Félix Tshisekedi, a dénoncé dimanche l’agression que, selon lui, subit la RDC de la part du Rwanda et de la coalition AFC/M23, à l’occasion de la cérémonie nationale d

https://reelactu.com/rdc-felix-tshisekedi-denonce-l-agression-attribuee-au-rwanda-et-a-l-afc-m23-lors

#ReelActu #RDC #Actualite",,Jeton de Page Facebook non configuré.,,2026-08-02 15:19:22.867845+00,2026-08-02 15:19:22.867845+00
fbe488d2-c9fc-479c-80a7-cbc7d3b11836,a4f7b0bd-d03e-4740-a9ab-062e2b3996dd,telegram,skipped,"[ACTUALITÉS RDC] RDC : Félix Tshisekedi dénonce l’agression attribuée au Rwanda et à l’AFC/M23 lors de la commémoration du Genocost

Le président de la République démocratique du Congo, Félix Tshisekedi, a dénoncé dimanche l’agression que, selon lui, subit la RDC de la part du Rwanda et de la coalition AFC/M23, à l’occasion de la cérémonie nationale d

https://reelactu.com/rdc-felix-tshisekedi-denonce-l-agression-attribuee-au-rwanda-et-a-l-afc-m23-lors

#ReelActu #RDC #Actualite",,Canal Telegram non configuré.,,2026-08-02 15:19:22.867845+00,2026-08-02 15:19:22.867845+00
6f8cea32-3a64-44f1-a34d-49dd4a61642f,55f681a4-1100-4ea5-8aff-b074dc36821b,linkedin,skipped,"[AFRIQUE] Cameroun : le gouvernement assure que Paul Biya est vivant et annonce son retour prochain

Pour la première fois depuis le départ du président camerounais Paul Biya le 7 juin dernier, un membre du gouvernement s’est exprimé publiquement afin de répondre aux interrogations grandissantes sur l’absence prolongée 

https://reelactu.com/cameroun-le-gouvernement-assure-que-paul-biya-est-vivant-et-annonce-son-retour-p

#ReelActu #RDC #Actualite",,Connecteur LinkedIn non relié au projet.,,2026-08-03 16:33:28.265875+00,2026-08-03 16:33:28.265875+00
20c5537a-bd05-4203-ba97-6024f96491d6,55f681a4-1100-4ea5-8aff-b074dc36821b,facebook,skipped,"[AFRIQUE] Cameroun : le gouvernement assure que Paul Biya est vivant et annonce son retour prochain

Pour la première fois depuis le départ du président camerounais Paul Biya le 7 juin dernier, un membre du gouvernement s’est exprimé publiquement afin de répondre aux interrogations grandissantes sur l’absence prolongée 

https://reelactu.com/cameroun-le-gouvernement-assure-que-paul-biya-est-vivant-et-annonce-son-retour-p

#ReelActu #RDC #Actualite",,Jeton de Page Facebook non configuré.,,2026-08-03 16:33:28.265875+00,2026-08-03 16:33:28.265875+00
2e46a44a-0f5e-4158-b1e0-6eb3eb46c294,55f681a4-1100-4ea5-8aff-b074dc36821b,telegram,skipped,"[AFRIQUE] Cameroun : le gouvernement assure que Paul Biya est vivant et annonce son retour prochain

Pour la première fois depuis le départ du président camerounais Paul Biya le 7 juin dernier, un membre du gouvernement s’est exprimé publiquement afin de répondre aux interrogations grandissantes sur l’absence prolongée 

https://reelactu.com/cameroun-le-gouvernement-assure-que-paul-biya-est-vivant-et-annonce-son-retour-p

#ReelActu #RDC #Actualite",,Canal Telegram non configuré.,,2026-08-03 16:33:28.265875+00,2026-08-03 16:33:28.265875+00
8e918de4-402f-47d9-b916-95cc8be2e78b,c1b9a221-82b3-47a3-94ba-33105eb3e8dd,linkedin,skipped,"[MONDE] Visa américain : la RDC n’est pas concernée par la caution obligatoire de 10 000 à 20 000 dollars

Contrairement à des informations largement relayées ces derniers jours par plusieurs médias internationaux, la République démocratique du Congo (RDC) ne figure pas sur la liste officielle des pays dont les ressortissants

https://reelactu.com/visa-americain-la-rdc-n-est-pas-concernee-par-la-caution-obligatoire-de-10-000-a

#ReelActu #RDC #Actualite",,Connecteur LinkedIn non relié au projet.,,2026-08-04 15:44:59.826581+00,2026-08-04 15:44:59.826581+00
7c1d8c74-4156-46b4-97f9-84f5a88f07bf,c1b9a221-82b3-47a3-94ba-33105eb3e8dd,facebook,skipped,"[MONDE] Visa américain : la RDC n’est pas concernée par la caution obligatoire de 10 000 à 20 000 dollars

Contrairement à des informations largement relayées ces derniers jours par plusieurs médias internationaux, la République démocratique du Congo (RDC) ne figure pas sur la liste officielle des pays dont les ressortissants

https://reelactu.com/visa-americain-la-rdc-n-est-pas-concernee-par-la-caution-obligatoire-de-10-000-a

#ReelActu #RDC #Actualite",,Jeton de Page Facebook non configuré.,,2026-08-04 15:44:59.826581+00,2026-08-04 15:44:59.826581+00
de404c35-a0ab-4e3f-b26c-2fcb88721dc6,c1b9a221-82b3-47a3-94ba-33105eb3e8dd,telegram,skipped,"[MONDE] Visa américain : la RDC n’est pas concernée par la caution obligatoire de 10 000 à 20 000 dollars

Contrairement à des informations largement relayées ces derniers jours par plusieurs médias internationaux, la République démocratique du Congo (RDC) ne figure pas sur la liste officielle des pays dont les ressortissants

https://reelactu.com/visa-americain-la-rdc-n-est-pas-concernee-par-la-caution-obligatoire-de-10-000-a

#ReelActu #RDC #Actualite",,Canal Telegram non configuré.,,2026-08-04 15:44:59.826581+00,2026-08-04 15:44:59.826581+00
